runId,projectId,site,round,startedAt,status,firstVisibleMs,firstKind,slideCount,loadedLatestSnapshotId,loadedSnapshotCount
"cold-690ef838-preview-1","690ef838-567b-41ab-ad62-188bfacc3420","preview",1,"2026-10-01T07:33:55.821Z","visible",2877,"image",0,"5a828e69-42d9-4826-9634-9cc7c3ba73cd",2
"cold-690ef838-live-1","690ef838-567b-41ab-ad62-188bfacc3420","live",1,"2026-10-01T07:34:00.696Z","timeout",,,1,"5a828e69-42d9-4826-9634-9cc7c3ba73cd",2
"cold-ae9c5d14-live-1","ae9c5d14-66c5-417e-a79c-5ae886d6520c","live",1,"2026-10-01T07:34:21.253Z","visible",2521,"image",1,"4824025e-cb50-45aa-9a89-99a90dc0bb4d",2
"cold-ae9c5d14-preview-1","ae9c5d14-66c5-417e-a79c-5ae886d6520c","preview",1,"2026-10-01T07:34:25.367Z","visible",2480,"image",0,"4824025e-cb50-45aa-9a89-99a90dc0bb4d",2
"cold-62cb6b23-preview-1","62cb6b23-989f-48a3-9b6b-2fe936f7d4de","preview",1,"2026-10-01T07:34:29.433Z","visible",2078,"video-frame",0,"1bbb0c91-8985-4cbf-8536-6db0e9f11b17",4
"cold-62cb6b23-live-1","62cb6b23-989f-48a3-9b6b-2fe936f7d4de","live",1,"2026-10-01T07:34:33.038Z","timeout",,,1,,
"cold-31d23e7f-live-1","31d23e7f-ae21-4f27-aadc-85c4c043bb3a","live",1,"2026-10-01T07:34:53.583Z","timeout",,,2,,
"cold-31d23e7f-preview-1","31d23e7f-ae21-4f27-aadc-85c4c043bb3a","preview",1,"2026-10-01T07:35:13.936Z","visible",9910,"video-frame",0,"4b72e1e6-c1d3-5f6f-b974-bfb1abfd2f13",9
"cold-8b94e663-preview-1","8b94e663-5bd2-43ea-a4fa-253780d890a1","preview",1,"2026-10-01T07:35:25.856Z","visible",2119,"video-frame",0,"c84a81b2-ee50-4b9d-9284-b929c4ced881",4
"cold-8b94e663-live-1","8b94e663-5bd2-43ea-a4fa-253780d890a1","live",1,"2026-10-01T07:35:29.519Z","visible",3109,"image",2,"c84a81b2-ee50-4b9d-9284-b929c4ced881",4
"cold-170e7497-live-1","170e7497-ac1e-4a58-8ebc-a39cba4d71ed","live",1,"2026-10-01T07:35:34.190Z","visible",3720,"image",1,"64798638-e13d-4645-8dda-e02d29f7e55f",2
"cold-170e7497-preview-1","170e7497-ac1e-4a58-8ebc-a39cba4d71ed","preview",1,"2026-10-01T07:35:39.485Z","visible",1563,"image",0,"64798638-e13d-4645-8dda-e02d29f7e55f",2
"cold-65c105f9-preview-1","65c105f9-c544-43cb-9e8f-49cdb68c6c1a","preview",1,"2026-10-01T07:35:42.632Z","visible",1909,"video-frame",0,"0c8694a5-887f-46ef-829f-0e01ad7260c8",3
"cold-65c105f9-live-1","65c105f9-c544-43cb-9e8f-49cdb68c6c1a","live",1,"2026-10-01T07:35:46.113Z","timeout",,,2,,
"cold-bcfaf9f3-live-1","bcfaf9f3-49ef-4722-be01-fffaaaaaba42","live",1,"2026-10-01T07:36:06.543Z","visible",4560,"image",2,"bef44521-a9cf-4cf6-b3fb-a9a3ee9c6d19",16
"cold-bcfaf9f3-preview-1","bcfaf9f3-49ef-4722-be01-fffaaaaaba42","preview",1,"2026-10-01T07:36:12.767Z","visible",1380,"video-frame",0,"bef44521-a9cf-4cf6-b3fb-a9a3ee9c6d19",16
"cold-ae9c5d14-live-2","ae9c5d14-66c5-417e-a79c-5ae886d6520c","live",2,"2026-10-01T07:36:15.698Z","timeout",,,1,"4824025e-cb50-45aa-9a89-99a90dc0bb4d",2
"cold-ae9c5d14-preview-2","ae9c5d14-66c5-417e-a79c-5ae886d6520c","preview",2,"2026-10-01T07:36:36.561Z","visible",1534,"image",0,"4824025e-cb50-45aa-9a89-99a90dc0bb4d",2
"cold-8b94e663-preview-2","8b94e663-5bd2-43ea-a4fa-253780d890a1","preview",2,"2026-10-01T07:36:39.743Z","visible",1911,"video-frame",0,"c84a81b2-ee50-4b9d-9284-b929c4ced881",4
"cold-8b94e663-live-2","8b94e663-5bd2-43ea-a4fa-253780d890a1","live",2,"2026-10-01T07:36:43.254Z","visible",3750,"image",2,"c84a81b2-ee50-4b9d-9284-b929c4ced881",4
"cold-62cb6b23-live-2","62cb6b23-989f-48a3-9b6b-2fe936f7d4de","live",2,"2026-10-01T07:36:48.614Z","visible",3050,"image",1,"1bbb0c91-8985-4cbf-8536-6db0e9f11b17",4
"cold-62cb6b23-preview-2","62cb6b23-989f-48a3-9b6b-2fe936f7d4de","preview",2,"2026-10-01T07:36:53.256Z","visible",1509,"video-frame",0,"1bbb0c91-8985-4cbf-8536-6db0e9f11b17",4
"cold-170e7497-preview-2","170e7497-ac1e-4a58-8ebc-a39cba4d71ed","preview",2,"2026-10-01T07:36:56.285Z","visible",1499,"image",0,"64798638-e13d-4645-8dda-e02d29f7e55f",2
"cold-170e7497-live-2","170e7497-ac1e-4a58-8ebc-a39cba4d71ed","live",2,"2026-10-01T07:36:59.365Z","visible",4940,"image",2,"64798638-e13d-4645-8dda-e02d29f7e55f",2
"cold-31d23e7f-live-2","31d23e7f-ae21-4f27-aadc-85c4c043bb3a","live",2,"2026-10-01T07:37:05.847Z","timeout",,,1,,
"cold-31d23e7f-preview-2","31d23e7f-ae21-4f27-aadc-85c4c043bb3a","preview",2,"2026-10-01T07:37:26.580Z","visible",8975,"video-frame",0,"4b72e1e6-c1d3-5f6f-b974-bfb1abfd2f13",9
"cold-bcfaf9f3-preview-2","bcfaf9f3-49ef-4722-be01-fffaaaaaba42","preview",2,"2026-10-01T07:37:37.213Z","visible",1880,"video-poster",0,"bef44521-a9cf-4cf6-b3fb-a9a3ee9c6d19",16
"cold-bcfaf9f3-live-2","bcfaf9f3-49ef-4722-be01-fffaaaaaba42","live",2,"2026-10-01T07:37:40.624Z","visible",2681,"image",2,"bef44521-a9cf-4cf6-b3fb-a9a3ee9c6d19",16
"cold-65c105f9-live-2","65c105f9-c544-43cb-9e8f-49cdb68c6c1a","live",2,"2026-10-01T07:37:44.834Z","visible",3367,"image",1,"0c8694a5-887f-46ef-829f-0e01ad7260c8",3
"cold-65c105f9-preview-2","65c105f9-c544-43cb-9e8f-49cdb68c6c1a","preview",2,"2026-10-01T07:37:49.800Z","visible",2159,"video-frame",0,"0c8694a5-887f-46ef-829f-0e01ad7260c8",3
"cold-690ef838-preview-2","690ef838-567b-41ab-ad62-188bfacc3420","preview",2,"2026-10-01T07:37:53.497Z","visible",1659,"image",0,"5a828e69-42d9-4826-9634-9cc7c3ba73cd",2
"cold-690ef838-live-2","690ef838-567b-41ab-ad62-188bfacc3420","live",2,"2026-10-01T07:37:56.715Z","visible",1148,"image",2,,
"cold-31d23e7f-preview-3","31d23e7f-ae21-4f27-aadc-85c4c043bb3a","preview",3,"2026-10-01T07:37:59.398Z","timeout",,,0,"4b72e1e6-c1d3-5f6f-b974-bfb1abfd2f13",9
"cold-31d23e7f-live-3","31d23e7f-ae21-4f27-aadc-85c4c043bb3a","live",3,"2026-10-01T07:38:19.824Z","visible",10036,"video-frame",2,"4b72e1e6-c1d3-5f6f-b974-bfb1abfd2f13",9
"cold-bcfaf9f3-live-3","bcfaf9f3-49ef-4722-be01-fffaaaaaba42","live",3,"2026-10-01T07:38:31.725Z","timeout",,,1,,
"cold-bcfaf9f3-preview-3","bcfaf9f3-49ef-4722-be01-fffaaaaaba42","preview",3,"2026-10-01T07:38:52.180Z","visible",1675,"video-poster",0,"bef44521-a9cf-4cf6-b3fb-a9a3ee9c6d19",16
"cold-690ef838-preview-3","690ef838-567b-41ab-ad62-188bfacc3420","preview",3,"2026-10-01T07:38:55.487Z","visible",2357,"image",0,"5a828e69-42d9-4826-9634-9cc7c3ba73cd",2
"cold-690ef838-live-3","690ef838-567b-41ab-ad62-188bfacc3420","live",3,"2026-10-01T07:38:59.398Z","timeout",,,2,"5a828e69-42d9-4826-9634-9cc7c3ba73cd",2
"cold-8b94e663-live-3","8b94e663-5bd2-43ea-a4fa-253780d890a1","live",3,"2026-10-01T07:39:20.226Z","visible",4753,"image",2,"c84a81b2-ee50-4b9d-9284-b929c4ced881",4
"cold-8b94e663-preview-3","8b94e663-5bd2-43ea-a4fa-253780d890a1","preview",3,"2026-10-01T07:39:26.644Z","visible",3492,"video-frame",0,"c84a81b2-ee50-4b9d-9284-b929c4ced881",4
"cold-170e7497-preview-3","170e7497-ac1e-4a58-8ebc-a39cba4d71ed","preview",3,"2026-10-01T07:39:31.695Z","visible",1708,"image",0,"64798638-e13d-4645-8dda-e02d29f7e55f",2
"cold-170e7497-live-3","170e7497-ac1e-4a58-8ebc-a39cba4d71ed","live",3,"2026-10-01T07:39:34.945Z","visible",1790,"image",2,"64798638-e13d-4645-8dda-e02d29f7e55f",2
"cold-ae9c5d14-live-3","ae9c5d14-66c5-417e-a79c-5ae886d6520c","live",3,"2026-10-01T07:39:38.265Z","timeout",,,2,"4824025e-cb50-45aa-9a89-99a90dc0bb4d",2
"cold-ae9c5d14-preview-3","ae9c5d14-66c5-417e-a79c-5ae886d6520c","preview",3,"2026-10-01T07:39:59.089Z","visible",1799,"image",0,"4824025e-cb50-45aa-9a89-99a90dc0bb4d",2
"cold-65c105f9-preview-3","65c105f9-c544-43cb-9e8f-49cdb68c6c1a","preview",3,"2026-10-01T07:40:02.450Z","visible",2010,"video-frame",0,"0c8694a5-887f-46ef-829f-0e01ad7260c8",3
"cold-65c105f9-live-3","65c105f9-c544-43cb-9e8f-49cdb68c6c1a","live",3,"2026-10-01T07:40:06.021Z","timeout",,,2,,
"cold-62cb6b23-live-3","62cb6b23-989f-48a3-9b6b-2fe936f7d4de","live",3,"2026-10-01T07:40:26.956Z","visible",2954,"image",2,"1bbb0c91-8985-4cbf-8536-6db0e9f11b17",4
"cold-62cb6b23-preview-3","62cb6b23-989f-48a3-9b6b-2fe936f7d4de","preview",3,"2026-10-01T07:40:31.506Z","visible",1838,"video-frame",0,"1bbb0c91-8985-4cbf-8536-6db0e9f11b17",4
"cold-bcfaf9f3-live-4","bcfaf9f3-49ef-4722-be01-fffaaaaaba42","live",4,"2026-10-01T07:40:34.906Z","timeout",,,1,,
"cold-bcfaf9f3-preview-4","bcfaf9f3-49ef-4722-be01-fffaaaaaba42","preview",4,"2026-10-01T07:40:55.664Z","visible",1668,"video-poster",0,"bef44521-a9cf-4cf6-b3fb-a9a3ee9c6d19",16
"cold-690ef838-preview-4","690ef838-567b-41ab-ad62-188bfacc3420","preview",4,"2026-10-01T07:40:58.942Z","visible",1661,"image",0,"5a828e69-42d9-4826-9634-9cc7c3ba73cd",2
"cold-690ef838-live-4","690ef838-567b-41ab-ad62-188bfacc3420","live",4,"2026-10-01T07:41:02.161Z","timeout",,,1,,
"cold-65c105f9-live-4","65c105f9-c544-43cb-9e8f-49cdb68c6c1a","live",4,"2026-10-01T07:41:22.947Z","visible",4102,"image",1,"0c8694a5-887f-46ef-829f-0e01ad7260c8",3
"cold-65c105f9-preview-4","65c105f9-c544-43cb-9e8f-49cdb68c6c1a","preview",4,"2026-10-01T07:41:28.716Z","visible",1668,"video-frame",0,"0c8694a5-887f-46ef-829f-0e01ad7260c8",3
"cold-62cb6b23-preview-4","62cb6b23-989f-48a3-9b6b-2fe936f7d4de","preview",4,"2026-10-01T07:41:31.988Z","visible",1599,"video-frame",0,"1bbb0c91-8985-4cbf-8536-6db0e9f11b17",4
"cold-62cb6b23-live-4","62cb6b23-989f-48a3-9b6b-2fe936f7d4de","live",4,"2026-10-01T07:41:35.098Z","timeout",,,2,,
"cold-31d23e7f-live-4","31d23e7f-ae21-4f27-aadc-85c4c043bb3a","live",4,"2026-10-01T07:41:55.702Z","visible",9443,"video-frame",1,"4b72e1e6-c1d3-5f6f-b974-bfb1abfd2f13",9
"cold-31d23e7f-preview-4","31d23e7f-ae21-4f27-aadc-85c4c043bb3a","preview",4,"2026-10-01T07:42:06.824Z","visible",7918,"video-frame",0,"4b72e1e6-c1d3-5f6f-b974-bfb1abfd2f13",9
"cold-ae9c5d14-preview-4","ae9c5d14-66c5-417e-a79c-5ae886d6520c","preview",4,"2026-10-01T07:42:16.375Z","visible",2049,"image",0,"4824025e-cb50-45aa-9a89-99a90dc0bb4d",2
"cold-ae9c5d14-live-4","ae9c5d14-66c5-417e-a79c-5ae886d6520c","live",4,"2026-10-01T07:42:19.937Z","timeout",,,1,,
"cold-170e7497-live-4","170e7497-ac1e-4a58-8ebc-a39cba4d71ed","live",4,"2026-10-01T07:42:40.490Z","visible",2509,"image",1,"64798638-e13d-4645-8dda-e02d29f7e55f",2
"cold-170e7497-preview-4","170e7497-ac1e-4a58-8ebc-a39cba4d71ed","preview",4,"2026-10-01T07:42:44.590Z","visible",1648,"image",0,"64798638-e13d-4645-8dda-e02d29f7e55f",2
"cold-8b94e663-preview-4","8b94e663-5bd2-43ea-a4fa-253780d890a1","preview",4,"2026-10-01T07:42:47.762Z","visible",1758,"video-frame",0,"c84a81b2-ee50-4b9d-9284-b929c4ced881",4
"cold-8b94e663-live-4","8b94e663-5bd2-43ea-a4fa-253780d890a1","live",4,"2026-10-01T07:42:51.102Z","visible",3460,"image",1,"c84a81b2-ee50-4b9d-9284-b929c4ced881",4
"cold-62cb6b23-preview-5","62cb6b23-989f-48a3-9b6b-2fe936f7d4de","preview",5,"2026-10-01T07:42:56.153Z","visible",1568,"video-frame",0,"1bbb0c91-8985-4cbf-8536-6db0e9f11b17",4
"cold-62cb6b23-live-5","62cb6b23-989f-48a3-9b6b-2fe936f7d4de","live",5,"2026-10-01T07:42:59.274Z","visible",3111,"image",1,"1bbb0c91-8985-4cbf-8536-6db0e9f11b17",4
"cold-65c105f9-live-5","65c105f9-c544-43cb-9e8f-49cdb68c6c1a","live",5,"2026-10-01T07:43:03.986Z","visible",3366,"image",1,"0c8694a5-887f-46ef-829f-0e01ad7260c8",3
"cold-65c105f9-preview-5","65c105f9-c544-43cb-9e8f-49cdb68c6c1a","preview",5,"2026-10-01T07:43:08.975Z","visible",1630,"video-frame",0,"0c8694a5-887f-46ef-829f-0e01ad7260c8",3
"cold-bcfaf9f3-preview-5","bcfaf9f3-49ef-4722-be01-fffaaaaaba42","preview",5,"2026-10-01T07:43:12.176Z","visible",1782,"video-poster",0,"bef44521-a9cf-4cf6-b3fb-a9a3ee9c6d19",16
"cold-bcfaf9f3-live-5","bcfaf9f3-49ef-4722-be01-fffaaaaaba42","live",5,"2026-10-01T07:43:15.537Z","visible",1207,"image",1,"bef44521-a9cf-4cf6-b3fb-a9a3ee9c6d19",16
"cold-690ef838-live-5","690ef838-567b-41ab-ad62-188bfacc3420","live",5,"2026-10-01T07:43:18.308Z","visible",2528,"image",1,"5a828e69-42d9-4826-9634-9cc7c3ba73cd",2
"cold-690ef838-preview-5","690ef838-567b-41ab-ad62-188bfacc3420","preview",5,"2026-10-01T07:43:22.389Z","visible",1708,"image",0,"5a828e69-42d9-4826-9634-9cc7c3ba73cd",2
"cold-ae9c5d14-preview-5","ae9c5d14-66c5-417e-a79c-5ae886d6520c","preview",5,"2026-10-01T07:43:25.640Z","visible",1789,"image",0,"4824025e-cb50-45aa-9a89-99a90dc0bb4d",2
"cold-ae9c5d14-live-5","ae9c5d14-66c5-417e-a79c-5ae886d6520c","live",5,"2026-10-01T07:43:28.989Z","visible",2199,"image",1,"4824025e-cb50-45aa-9a89-99a90dc0bb4d",2
"cold-31d23e7f-live-5","31d23e7f-ae21-4f27-aadc-85c4c043bb3a","live",5,"2026-10-01T07:43:32.731Z","visible",10320,"video-frame",1,"4b72e1e6-c1d3-5f6f-b974-bfb1abfd2f13",9
"cold-31d23e7f-preview-5","31d23e7f-ae21-4f27-aadc-85c4c043bb3a","preview",5,"2026-10-01T07:43:44.663Z","visible",11420,"video-frame",0,"4b72e1e6-c1d3-5f6f-b974-bfb1abfd2f13",9
"cold-8b94e663-preview-5","8b94e663-5bd2-43ea-a4fa-253780d890a1","preview",5,"2026-10-01T07:43:57.685Z","visible",1679,"video-frame",0,"c84a81b2-ee50-4b9d-9284-b929c4ced881",4
"cold-8b94e663-live-5","8b94e663-5bd2-43ea-a4fa-253780d890a1","live",5,"2026-10-01T07:44:00.947Z","visible",3170,"image",1,"c84a81b2-ee50-4b9d-9284-b929c4ced881",4
"cold-170e7497-live-5","170e7497-ac1e-4a58-8ebc-a39cba4d71ed","live",5,"2026-10-01T07:44:05.668Z","visible",2226,"image",2,"64798638-e13d-4645-8dda-e02d29f7e55f",2
"cold-170e7497-preview-5","170e7497-ac1e-4a58-8ebc-a39cba4d71ed","preview",5,"2026-10-01T07:44:09.468Z","visible",1539,"image",0,"64798638-e13d-4645-8dda-e02d29f7e55f",2
"cold-170e7497-live-6","170e7497-ac1e-4a58-8ebc-a39cba4d71ed","live",6,"2026-10-01T07:44:12.539Z","timeout",,,1,,
"cold-170e7497-preview-6","170e7497-ac1e-4a58-8ebc-a39cba4d71ed","preview",6,"2026-10-01T07:44:33.380Z","visible",2532,"image",0,"64798638-e13d-4645-8dda-e02d29f7e55f",2
"cold-690ef838-preview-6","690ef838-567b-41ab-ad62-188bfacc3420","preview",6,"2026-10-01T07:44:37.453Z","visible",1687,"image",0,"5a828e69-42d9-4826-9634-9cc7c3ba73cd",2
"cold-690ef838-live-6","690ef838-567b-41ab-ad62-188bfacc3420","live",6,"2026-10-01T07:44:40.745Z","visible",3109,"image",1,"5a828e69-42d9-4826-9634-9cc7c3ba73cd",2
"cold-65c105f9-live-6","65c105f9-c544-43cb-9e8f-49cdb68c6c1a","live",6,"2026-10-01T07:44:45.434Z","timeout",,,1,,
"cold-65c105f9-preview-6","65c105f9-c544-43cb-9e8f-49cdb68c6c1a","preview",6,"2026-10-01T07:45:05.740Z","visible",1910,"video-frame",0,"0c8694a5-887f-46ef-829f-0e01ad7260c8",3
"cold-ae9c5d14-preview-6","ae9c5d14-66c5-417e-a79c-5ae886d6520c","preview",6,"2026-10-01T07:45:09.230Z","timeout",,,0,,
"cold-ae9c5d14-live-6","ae9c5d14-66c5-417e-a79c-5ae886d6520c","live",6,"2026-10-01T07:45:29.581Z","visible",2669,"image",1,"4824025e-cb50-45aa-9a89-99a90dc0bb4d",2
"cold-8b94e663-live-6","8b94e663-5bd2-43ea-a4fa-253780d890a1","live",6,"2026-10-01T07:45:33.864Z","visible",4470,"image",2,"c84a81b2-ee50-4b9d-9284-b929c4ced881",4
"cold-8b94e663-preview-6","8b94e663-5bd2-43ea-a4fa-253780d890a1","preview",6,"2026-10-01T07:45:39.954Z","visible",1693,"video-frame",0,"c84a81b2-ee50-4b9d-9284-b929c4ced881",4
"cold-bcfaf9f3-preview-6","bcfaf9f3-49ef-4722-be01-fffaaaaaba42","preview",6,"2026-10-01T07:45:43.185Z","visible",1943,"video-poster",0,"bef44521-a9cf-4cf6-b3fb-a9a3ee9c6d19",16
"cold-bcfaf9f3-live-6","bcfaf9f3-49ef-4722-be01-fffaaaaaba42","live",6,"2026-10-01T07:45:46.685Z","timeout",,,1,,
"cold-62cb6b23-live-6","62cb6b23-989f-48a3-9b6b-2fe936f7d4de","live",6,"2026-10-01T07:46:07.014Z","timeout",,,2,,
"cold-62cb6b23-preview-6","62cb6b23-989f-48a3-9b6b-2fe936f7d4de","preview",6,"2026-10-01T07:46:27.364Z","visible",1917,"video-frame",0,"1bbb0c91-8985-4cbf-8536-6db0e9f11b17",4
"cold-31d23e7f-preview-6","31d23e7f-ae21-4f27-aadc-85c4c043bb3a","preview",6,"2026-10-01T07:46:30.884Z","visible",8460,"video-frame",0,"4b72e1e6-c1d3-5f6f-b974-bfb1abfd2f13",9
"cold-31d23e7f-live-6","31d23e7f-ae21-4f27-aadc-85c4c043bb3a","live",6,"2026-10-01T07:46:40.896Z","visible",9139,"video-frame",2,"4b72e1e6-c1d3-5f6f-b974-bfb1abfd2f13",9
